<?xml version="1.0" encoding="UTF-8"?>
<beans xmlns="http://www.springframework.org/schema/beans"
	xmlns:jdbc="http://www.springframework.org/schema/jdbc" xmlns:xsi="http://www.w3.org/2001/XMLSchema-instance"
	xsi:schemaLocation="http://www.springframework.org/schema/beans http://www.springframework.org/schema/beans/spring-beans.xsd
		http://www.springframework.org/schema/jdbc http://www.springframework.org/schema/jdbc/spring-jdbc-3.0.xsd
		http://camel.apache.org/schema/spring http://camel.apache.org/schema/spring/camel-spring.xsd">

	<jdbc:initialize-database data-source="dataSource"
		enabled="true">
		<jdbc:script location="classpath:db-schema.sql" />
		<jdbc:script location="classpath:db-test-data.sql" />
	</jdbc:initialize-database>

	<bean id="dataSource"
		class="org.springframework.jdbc.datasource.DriverManagerDataSource">
		<property name="driverClassName" value="com.mysql.jdbc.Driver" />
		<property name="url" value="jdbc:mysql://localhost/test" />
		<property name="username" value="root" />
		<property name="password" value="mnrpass" />
	</bean>

	<bean id="rowProcessor" class="com.javarticles.camel.RowProcessor">
	</bean>


	<camelContext xmlns="http://camel.apache.org/schema/spring">
		<route>
			<from uri="timer://timer1?period=2s" />
			<log message="select from articles"/>
			<setBody>
				<constant>
					SELECT * FROM ARTICLES WHERE CATEGORY='Camel'
				</constant>
			</setBody>
			<to uri="jdbc:dataSource" />
			<log message="split rows"/>
			<split>
				<simple>${body}</simple>
				<log message="process row ${body}"/>
				<to uri="bean:rowProcessor" />
				<to uri="stream:out"/>
			</split>
		</route>
	</camelContext>

	<bean id="jdbcTemplate" class="org.springframework.jdbc.core.JdbcTemplate">
		<constructor-arg index="0" ref="dataSource"></constructor-arg>
	</bean>

</beans>
